{
    "table 1": {
        "t(нач)": [
            22,
            22,
            22,
            22,
            22,
            22,
            22,
            22,
            22,
            22,
            22
        ],
        "t(кон)": [
            21.765644099633736,
            20.45624907035612,
            20.95036185471753,
            20.72287667007694,
            19.17190917823477,
            20.765660355130176,
            20.00856873131798,
            20.612345594718228,
            21.66191628825748,
            19.63731435333542,
            19.456528013722195
        ],
        "tay": [
            126.0,
            128.0,
            125.0,
            128.0,
            128.0,
            126.0,
            125.0,
            126.0,
            125.0,
            125.0,
            127.0
        ]
    },
    "table 2": {
        "tay": [
            126.0,
            128.0,
            125.0,
            128.0,
            128.0,
            126.0,
            125.0,
            126.0,
            125.0,
            125.0,
            127.0
        ],
        "n": [
            48.510000000000005,
            49.28000000000001,
            48.12500000000001,
            49.28000000000001,
            49.28000000000001,
            48.510000000000005,
            48.12500000000001,
            48.510000000000005,
            48.12500000000001,
            48.12500000000001,
            48.895
        ],
        "T": [
            292.15,
            292.15,
            292.15,
            292.15,
            292.15,
            292.15,
            292.15,
            292.15,
            292.15,
            292.15,
            292.15
        ],
        "1/T": [
            3.4228991956186894,
            3.4228991956186894,
            3.4228991956186894,
            3.4228991956186894,
            3.4228991956186894,
            3.4228991956186894,
            3.4228991956186894,
            3.4228991956186894,
            3.4228991956186894,
            3.4228991956186894,
            3.4228991956186894
        ],
        "n/T": [
            1.6604483997946267,
            1.6868047236008903,
            1.6472702378914945,
            1.6868047236008903,
            1.6868047236008903,
            1.6604483997946267,
            1.6472702378914945,
            1.6604483997946267,
            1.6472702378914945,
            1.6472702378914945,
            1.6736265616977584
        ],
        "ln(n/T)": [
            -6.400667592731412,
            -6.384919235763273,
            -6.408635762380589,
            -6.384919235763273,
            -6.384919235763273,
            -6.400667592731412,
            -6.408635762380589,
            -6.400667592731412,
            -6.408635762380589,
            -6.408635762380589,
            -6.392762413224299
        ]
    },
    "table 3": {
        "x": [
            0.0034228991956186893,
            0.0034228991956186893,
            0.0034228991956186893,
            0.0034228991956186893,
            0.0034228991956186893,
            0.0034228991956186893,
            0.0034228991956186893,
            0.0034228991956186893,
            0.0034228991956186893,
            0.0034228991956186893,
            0.0034228991956186893
        ],
        "y": [
            -6.400667592731412,
            -6.384919235763273,
            -6.408635762380589,
            -6.384919235763273,
            -6.384919235763273,
            -6.400667592731412,
            -6.408635762380589,
            -6.400667592731412,
            -6.408635762380589,
            -6.408635762380589,
            -6.392762413224299
        ],
        "x^2": [
            1.1716238903367071e-05,
            1.1716238903367071e-05,
            1.1716238903367071e-05,
            1.1716238903367071e-05,
            1.1716238903367071e-05,
            1.1716238903367071e-05,
            1.1716238903367071e-05,
            1.1716238903367071e-05,
            1.1716238903367071e-05,
            1.1716238903367071e-05,
            1.1716238903367071e-05
        ],
        "x*y": [
            -0.02190883995458296,
            -0.021854934916184402,
            -0.021936114196065684,
            -0.021854934916184402,
            -0.021854934916184402,
            -0.02190883995458296,
            -0.021936114196065684,
            -0.02190883995458296,
            -0.021936114196065684,
            -0.021936114196065684,
            -0.021881781322006844
        ]
    }
}