{
    "table 1": {
        "t(нач)": [
            20.0,
            20.0,
            20.0
        ],
        "t(кон)": [
            18.14886632781069,
            17.422278207247622,
            17.299615256142523
        ],
        "tay": [
            2.6181102362204727,
            2.6377952755905514,
            2.598425196850394
        ]
    },
    "table 2": {
        "tay": [
            2.6181102362204727,
            2.6377952755905514,
            2.598425196850394
        ],
        "n": [
            1.0085950253243634,
            1.0161784465674037,
            1.0010116040813233
        ],
        "T": [
            292.15,
            292.15,
            292.15
        ],
        "1/T": [
            3.4228991956186894,
            3.4228991956186894,
            3.4228991956186894
        ],
        "n/T": [
            0.03452319100887775,
            0.034782763873606154,
            0.034263618144149355
        ],
        "ln(n/T)": [
            -10.273879256598429,
            -10.266388584869272,
            -10.281426462233812
        ]
    },
    "table 3": {
        "x": [
            0.0034228991956186893,
            0.0034228991956186893,
            0.0034228991956186893
        ],
        "y": [
            -10.273879256598429,
            -10.266388584869272,
            -10.281426462233812
        ],
        "x^2": [
            1.1716238903367071e-05,
            1.1716238903367071e-05,
            1.1716238903367071e-05
        ],
        "x*y": [
            -0.0351664530432943,
            -0.035140813229057925,
            -0.03519228636739282
        ]
    },
    "table 4": {
        "h1": [],
        "h2": [],
        "h(ср)": [],
        "t,c": [],
        "P,па": [],
        "n(вязкость)": [],
        "T,C": [],
        "T,K": []
    }
}