{
  "table 1": {
    "t(нач)": [
      20.0,
      20.0,
      20.0,
      34.0,
      20.0,
      20.0
    ],
    "t(кон)": [
      18.14886632781069,
      17.422278207247622,
      17.299615256142523,
      33.335328792229554,
      17.398724491146897,
      18.528461406012372
    ],
    "tay": [
      2.6181102362204727,
      2.6377952755905514,
      2.598425196850394,
      1.909448818897638,
      2.5787401574803153,
      2.5590551181102366
    ]
  },
  "table 2": {
    "tay": [
      2.6181102362204727,
      2.6377952755905514,
      2.598425196850394,
      1.909448818897638,
      2.5787401574803153,
      2.5590551181102366
    ],
    "n": [
      1.0085950253243634,
      1.0161784465674037,
      1.0010116040813233,
      0.7355918605749117,
      0.9934281828382829,
      0.9858447615952426
    ],
    "T": [
      292.15,
      292.15,
      292.15,
      306.15,
      292.15,
      292.15
    ],
    "1/T": [
      3.4228991956186894,
      3.4228991956186894,
      3.4228991956186894,
      3.266372693124286,
      3.4228991956186894,
      3.4228991956186894
    ],
    "n/T": [
      0.03452319100887775,
      0.034782763873606154,
      0.034263618144149355,
      0.024027171666663783,
      0.03400404527942095,
      0.03374447241469254
    ],
    "ln(n/T)": [
      -10.273879256598429,
      -10.266388584869272,
      -10.281426462233812,
      -10.636325215240317,
      -10.289031061619031,
      -10.2966939343646
    ]
  },
  "table 3": {
    "x": [
      0.0034228991956186893,
      0.0034228991956186893,
      0.0034228991956186893,
      0.0032663726931242863,
      0.0034228991956186893,
      0.0034228991956186893
    ],
    "y": [
      -10.273879256598429,
      -10.266388584869272,
      -10.281426462233812,
      -10.636325215240317,
      -10.289031061619031,
      -10.2966939343646
    ],
    "x^2": [
      1.1716238903367071e-05,
      1.1716238903367071e-05,
      1.1716238903367071e-05,
      1.0669190570388003e-05,
      1.1716238903367071e-05,
      1.1716238903367071e-05
    ],
    "x*y": [
      -0.0351664530432943,
      -0.035140813229057925,
      -0.03519228636739282,
      -0.03474220223825027,
      -0.03521831614451149,
      -0.03524454538546842
    ]
  },
  "table 4": {
    "h1": [
      0.15,
      0.146,
      0.13599999999999998,
      0.15
    ],
    "h2": [
      0.1,
      0.096,
      0.08600000000000001,
      0.1
    ],
    "h(ср)": [
      0.125,
      0.121,
      0.11099999999999999,
      0.125
    ],
    "t,c": [
      120,
      116,
      106,
      120
    ],
    "P,па": [
      1226.25,
      1187.01,
      1088.9099999999999,
      1226.25
    ],
    "n(вязкость)": [
      1.81e-05,
      1.8223067880238053e-05,
      1.8527161422818496e-05,
      1.81e-05
    ],
    "T,C": [
      20,
      24,
      34,
      20
    ],
    "T,K": [
      293.15,
      297.15,
      307.15,
      293.15
    ]
  }
}